hero,winrate
1,0.456689
10,0.475061
11,0.540765
12,0.496791
13,0.506448
14,0.456767
15,0.451135
16,0.543917
17,0.462207
18,0.525484
19,0.459498
2,0.523619
20,0.54416
25,0.493281
27,0.480816
3,0.502061
31,0.492212
35,0.515245
4,0.508529
50,0.510177
52,0.408715
58,0.516029
6,0.496341
60,0.457261
63,0.467586
64,0.512367
65,0.504645
66,0.508152
67,0.500867
69,0.491412
7,0.525117
72,0.465297
76,0.490284
77,0.504873
79,0.430461
8,0.554974
80,0.506711
81,0.534676
