hero,winrate
1,0.453656
10,0.474504
11,0.538804
12,0.507878
13,0.506716
14,0.449001
15,0.449661
16,0.541226
17,0.465347
18,0.530949
19,0.458416
2,0.534047
20,0.538659
25,0.492479
27,0.488591
3,0.497684
31,0.498227
35,0.506299
4,0.521684
50,0.506483
52,0.394693
58,0.514862
6,0.489278
60,0.447597
63,0.471511
64,0.493083
65,0.503782
66,0.508755
67,0.487565
69,0.496259
7,0.531285
72,0.456224
76,0.512521
77,0.514377
79,0.415772
8,0.550702
80,0.512089
81,0.517857
