hero,pickrate
1,0.119992
10,0.210547
11,0.119992
12,0.107961
13,0.220466
14,0.067516
15,0.138807
16,0.314988
17,0.073403
18,0.245616
19,0.18674
2,0.148854
20,0.25368
25,0.115321
27,0.136631
3,0.166965
31,0.271983
35,0.153078
4,0.133431
50,0.151414
52,0.117496
58,0.062204
6,0.149046
60,0.079483
63,0.145847
64,0.24664
65,0.255472
66,0.124984
67,0.111993
69,0.163318
7,0.263983
72,0.09241
76,0.079995
77,0.204147
79,0.144695
8,0.11724
80,0.145975
81,0.157686
