hero,winrate
1,0.4528
10,0.476596
11,0.536
12,0.499111
13,0.50566
14,0.456872
15,0.449516
16,0.542462
17,0.46469
18,0.530745
19,0.460589
2,0.526225
20,0.542634
25,0.49556
27,0.481499
3,0.500575
31,0.494588
35,0.508361
4,0.511271
50,0.508453
52,0.399782
58,0.527778
6,0.491627
60,0.453301
63,0.468627
64,0.503633
65,0.507014
66,0.512033
67,0.489143
69,0.494122
7,0.527515
72,0.459834
76,0.4984
77,0.515361
79,0.427245
8,0.555677
80,0.503726
81,0.52638
