hero,pickrate
1,0.121421
10,0.204764
11,0.126485
12,0.119045
13,0.21877
14,0.05946
15,0.129173
16,0.325309
17,0.069464
18,0.253533
19,0.189446
2,0.145992
20,0.268476
25,0.11223
27,0.13974
3,0.175503
31,0.264412
35,0.15881
4,0.148493
50,0.154308
52,0.113105
58,0.058897
6,0.142866
60,0.079342
63,0.151432
64,0.239527
65,0.247968
66,0.128548
67,0.108103
69,0.175503
7,0.280793
72,0.091409
76,0.074903
77,0.195698
79,0.133988
8,0.120233
80,0.129298
81,0.143554
